Frame,Velocity (km/h),Timestamp (s)
2,6.34,1746835592.413
2,6.48,1746835592.413
2,3.85,1746835592.413
2,2.26,1746835592.413
2,18.24,1746835592.413
2,3.87,1746835592.413
2,40.08,1746835592.413
3,9.96,1746835592.64
3,11.17,1746835592.64
3,4.69,1746835592.64
3,84.02,1746835592.64
3,157.38,1746835592.64
3,24.53,1746835592.64
3,16.33,1746835592.64
3,2.48,1746835592.64
4,96.15,1746835592.814
4,96.15,1746835592.814
4,12.05,1746835592.814
4,28.44,1746835592.814
4,14.07,1746835592.814
4,28.58,1746835592.814
4,34.33,1746835592.814
4,2.54,1746835592.814
4,754.98,1746835592.814
5,97.51,1746835592.992
5,98.83,1746835592.992
5,39.44,1746835592.992
5,451.67,1746835592.992
5,75.59,1746835592.992
5,476.45,1746835592.992
5,28.59,1746835592.992
5,154.95,1746835592.992
5,87.37,1746835592.992
5,3.45,1746835592.992
6,108.69,1746835593.151
6,97.31,1746835593.151
6,2.37,1746835593.151
6,542.17,1746835593.151
6,90.16,1746835593.151
6,500.31,1746835593.151
6,20.22,1746835593.151
6,302.55,1746835593.151
6,38.52,1746835593.151
6,30.96,1746835593.151
7,10.04,1746835593.307
7,44.35,1746835593.307
7,91.25,1746835593.307
7,155.6,1746835593.307
7,8.85,1746835593.307
7,19.67,1746835593.307
7,25.88,1746835593.307
7,95.19,1746835593.307
7,831.2,1746835593.307
8,108.96,1746835593.46
8,114.61,1746835593.46
8,25.98,1746835593.46
8,284.96,1746835593.46
8,32.88,1746835593.46
8,281.77,1746835593.46
8,291.65,1746835593.46
8,278.15,1746835593.46
9,101.54,1746835593.613
9,104.38,1746835593.613
9,3.94,1746835593.613
9,9.1,1746835593.613
9,546.28,1746835593.613
9,72.05,1746835593.613
9,326.49,1746835593.613
9,3.38,1746835593.613
10,3.21,1746835593.796
10,4.71,1746835593.796
10,13.52,1746835593.796
10,64.83,1746835593.796
10,439.56,1746835593.796
10,43.13,1746835593.796
10,443.76,1746835593.796
10,92.92,1746835593.796
10,25.56,1746835593.796
11,4.41,1746835593.959
11,192.15,1746835593.959
11,270.97,1746835593.959
11,528.62,1746835593.959
11,393.41,1746835593.959
11,206.06,1746835593.959
11,49.72,1746835593.959
11,42.34,1746835593.959
12,1.21,1746835594.116
12,2.17,1746835594.116
12,24.25,1746835594.116
12,1.46,1746835594.116
12,392.94,1746835594.116
12,46.76,1746835594.116
12,35.96,1746835594.116
12,476.52,1746835594.116
13,1.25,1746835594.271
13,3.38,1746835594.271
13,61.11,1746835594.271
13,22.55,1746835594.271
13,201.03,1746835594.271
13,150.24,1746835594.271
13,194.15,1746835594.271
13,244.66,1746835594.271
14,3.85,1746835594.427
14,3.33,1746835594.427
14,6.51,1746835594.427
14,10.82,1746835594.427
14,64.59,1746835594.427
14,13.31,1746835594.427
14,210.58,1746835594.427
14,307.09,1746835594.427
15,7.98,1746835594.576
15,20.78,1746835594.576
15,12.56,1746835594.576
15,16.47,1746835594.576
15,168.3,1746835594.576
15,65.71,1746835594.576
15,5.88,1746835594.576
15,322.43,1746835594.576
15,40.26,1746835594.576
15,92.67,1746835594.576
16,13.4,1746835594.729
16,14.39,1746835594.729
16,17.54,1746835594.729
16,279.34,1746835594.729
16,134.47,1746835594.729
16,138.89,1746835594.729
16,236.72,1746835594.729
16,11.04,1746835594.729
16,49.6,1746835594.729
17,46.34,1746835594.883
17,2.39,1746835594.883
17,6.1,1746835594.883
17,318.21,1746835594.883
17,277.72,1746835594.883
17,151.19,1746835594.883
17,9.63,1746835594.883
17,237.28,1746835594.883
17,368.23,1746835594.883
17,30.28,1746835594.883
17,23.5,1746835594.883
18,5.39,1746835595.035
18,43.29,1746835595.035
18,21.43,1746835595.035
18,141.69,1746835595.035
18,281.01,1746835595.035
18,4.9,1746835595.035
18,16.49,1746835595.035
18,216.42,1746835595.035
18,339.66,1746835595.035
18,201.79,1746835595.035
18,135.5,1746835595.035
19,175.14,1746835595.186
19,91.79,1746835595.186
19,197.1,1746835595.186
19,161.4,1746835595.186
19,253.33,1746835595.186
19,281.47,1746835595.186
19,253.5,1746835595.186
19,231.79,1746835595.186
19,333.16,1746835595.186
19,66.0,1746835595.186
20,161.27,1746835595.347
20,353.0,1746835595.347
20,134.58,1746835595.347
20,277.66,1746835595.347
20,243.89,1746835595.347
20,109.43,1746835595.347
20,200.53,1746835595.347
20,358.93,1746835595.347
20,503.54,1746835595.347
20,274.9,1746835595.347
21,19.72,1746835595.504
21,40.04,1746835595.504
21,271.72,1746835595.504
21,365.44,1746835595.504
21,23.55,1746835595.504
21,58.74,1746835595.504
21,27.13,1746835595.504
21,148.75,1746835595.504
21,248.02,1746835595.504
22,9.26,1746835595.661
22,32.2,1746835595.661
22,160.51,1746835595.661
22,21.86,1746835595.661
22,4.97,1746835595.661
22,156.55,1746835595.661
22,21.63,1746835595.661
22,2.69,1746835595.661
22,100.06,1746835595.661
23,4.18,1746835595.812
23,71.71,1746835595.812
23,325.71,1746835595.812
23,33.57,1746835595.812
23,46.6,1746835595.812
23,243.01,1746835595.812
23,178.38,1746835595.812
23,319.05,1746835595.812
23,13.87,1746835595.812
23,42.71,1746835595.812
24,4.38,1746835595.967
24,458.52,1746835595.967
24,449.25,1746835595.967
24,49.15,1746835595.967
24,40.17,1746835595.967
24,140.95,1746835595.967
24,248.64,1746835595.967
24,161.58,1746835595.967
24,35.79,1746835595.967
24,204.1,1746835595.967
24,103.16,1746835595.967
24,448.52,1746835595.967
25,101.19,1746835596.116
25,240.34,1746835596.116
25,193.12,1746835596.116
25,456.84,1746835596.116
25,233.09,1746835596.116
25,67.14,1746835596.116
25,7.61,1746835596.116
25,298.16,1746835596.116
25,439.89,1746835596.116
25,493.69,1746835596.116
26,12.14,1746835596.27
26,3.69,1746835596.27
26,251.73,1746835596.27
26,210.03,1746835596.27
26,185.16,1746835596.27
26,372.54,1746835596.27
26,466.46,1746835596.27
26,245.93,1746835596.27
26,250.8,1746835596.27
26,543.84,1746835596.27
26,439.22,1746835596.27
26,431.68,1746835596.27
27,383.06,1746835596.426
27,227.37,1746835596.426
27,27.78,1746835596.426
27,11.11,1746835596.426
27,145.24,1746835596.426
27,341.65,1746835596.426
27,39.62,1746835596.426
27,264.09,1746835596.426
27,218.66,1746835596.426
27,154.68,1746835596.426
27,297.22,1746835596.426
27,257.03,1746835596.426
28,394.42,1746835596.582
28,208.9,1746835596.582
28,3.84,1746835596.582
28,51.51,1746835596.582
28,71.43,1746835596.582
28,39.12,1746835596.582
28,171.35,1746835596.582
28,169.39,1746835596.582
28,268.41,1746835596.582
28,381.7,1746835596.582
28,442.12,1746835596.582
28,66.65,1746835596.582
29,15.89,1746835596.736
29,216.09,1746835596.736
29,131.23,1746835596.736
29,387.22,1746835596.736
29,149.82,1746835596.736
29,34.5,1746835596.736
29,426.92,1746835596.736
29,408.16,1746835596.736
29,94.41,1746835596.736
29,92.23,1746835596.736
29,89.95,1746835596.736
30,3.54,1746835596.89
30,253.91,1746835596.89
30,92.06,1746835596.89
30,105.16,1746835596.89
30,444.67,1746835596.89
30,160.74,1746835596.89
30,135.67,1746835596.89
30,308.62,1746835596.89
30,440.26,1746835596.89
30,95.52,1746835596.89
30,59.11,1746835596.89
30,527.33,1746835596.89
30,336.97,1746835596.89
31,29.31,1746835597.045
31,169.95,1746835597.045
31,74.67,1746835597.045
31,401.09,1746835597.045
31,6.1,1746835597.045
31,178.31,1746835597.045
31,89.16,1746835597.045
31,33.28,1746835597.045
31,54.03,1746835597.045
31,352.91,1746835597.045
32,65.12,1746835597.196
32,423.5,1746835597.196
32,413.92,1746835597.196
32,39.49,1746835597.196
32,223.46,1746835597.196
32,241.98,1746835597.196
32,19.43,1746835597.196
32,12.8,1746835597.196
32,29.09,1746835597.196
32,45.81,1746835597.196
32,197.24,1746835597.196
33,9.81,1746835597.344
33,45.08,1746835597.344
33,15.1,1746835597.344
33,3.88,1746835597.344
33,15.04,1746835597.344
33,444.07,1746835597.344
33,174.81,1746835597.344
33,113.2,1746835597.344
33,19.14,1746835597.344
33,744.98,1746835597.344
33,70.33,1746835597.344
33,196.18,1746835597.344
33,54.59,1746835597.344
33,271.92,1746835597.344
34,2.62,1746835597.499
34,11.32,1746835597.499
34,18.81,1746835597.499
34,20.0,1746835597.499
34,11.56,1746835597.499
34,116.98,1746835597.499
34,387.53,1746835597.499
34,36.25,1746835597.499
34,14.91,1746835597.499
34,13.82,1746835597.499
34,746.51,1746835597.499
34,374.55,1746835597.499
35,417.43,1746835597.651
35,434.73,1746835597.651
35,499.64,1746835597.651
35,32.55,1746835597.651
35,471.54,1746835597.651
35,170.92,1746835597.651
35,142.03,1746835597.651
35,200.91,1746835597.651
35,80.22,1746835597.651
35,93.36,1746835597.651
36,447.35,1746835597.795
36,46.33,1746835597.795
36,193.27,1746835597.795
36,610.63,1746835597.795
36,79.16,1746835597.795
36,416.82,1746835597.795
36,458.87,1746835597.795
36,249.02,1746835597.795
36,345.14,1746835597.795
36,876.82,1746835597.795
36,1001.71,1746835597.795
36,370.07,1746835597.795
36,224.79,1746835597.795
37,12.65,1746835597.958
37,65.49,1746835597.958
37,239.28,1746835597.958
37,258.84,1746835597.958
37,40.47,1746835597.958
37,705.08,1746835597.958
37,4.96,1746835597.958
37,166.4,1746835597.958
37,805.63,1746835597.958
37,112.58,1746835597.958
38,4.7,1746835598.132
38,82.34,1746835598.132
38,94.32,1746835598.132
38,7.85,1746835598.132
38,277.41,1746835598.132
38,249.8,1746835598.132
38,261.8,1746835598.132
38,401.82,1746835598.132
38,73.2,1746835598.132
38,665.68,1746835598.132
38,29.34,1746835598.132
38,7.43,1746835598.132
38,80.42,1746835598.132
38,112.49,1746835598.132
39,8.2,1746835598.287
39,246.02,1746835598.287
39,30.09,1746835598.287
39,552.51,1746835598.287
39,324.04,1746835598.287
39,363.05,1746835598.287
39,129.21,1746835598.287
39,748.3,1746835598.287
39,53.59,1746835598.287
39,886.64,1746835598.287
39,99.82,1746835598.287
39,166.55,1746835598.287
40,376.36,1746835598.441
40,260.11,1746835598.441
40,212.23,1746835598.441
40,253.36,1746835598.441
40,264.56,1746835598.441
40,81.62,1746835598.441
40,270.87,1746835598.441
40,766.61,1746835598.441
40,32.43,1746835598.441
40,156.88,1746835598.441
41,385.0,1746835598.592
41,423.71,1746835598.592
41,755.52,1746835598.592
41,749.82,1746835598.592
41,328.75,1746835598.592
41,174.63,1746835598.592
41,667.17,1746835598.592
41,343.74,1746835598.592
41,381.46,1746835598.592
41,990.08,1746835598.592
41,63.94,1746835598.592
41,322.06,1746835598.592
41,47.5,1746835598.592
41,33.41,1746835598.592
42,23.08,1746835598.744
42,56.09,1746835598.744
42,597.22,1746835598.744
42,45.85,1746835598.744
42,42.62,1746835598.744
42,680.69,1746835598.744
42,335.57,1746835598.744
42,433.06,1746835598.744
42,834.2,1746835598.744
42,31.44,1746835598.744
42,231.71,1746835598.744
42,970.72,1746835598.744
42,64.58,1746835598.744
43,10.72,1746835598.921
43,73.83,1746835598.921
43,210.22,1746835598.921
43,1.78,1746835598.921
43,531.81,1746835598.921
43,38.01,1746835598.921
43,470.51,1746835598.921
43,109.43,1746835598.921
44,393.56,1746835599.071
44,237.85,1746835599.071
44,194.6,1746835599.071
44,5.5,1746835599.071
44,269.96,1746835599.071
44,21.05,1746835599.071
44,688.66,1746835599.071
44,1122.85,1746835599.071
44,579.85,1746835599.071
44,337.95,1746835599.071
44,335.89,1746835599.071
45,28.57,1746835599.222
45,4.29,1746835599.222
45,817.56,1746835599.222
45,926.75,1746835599.222
45,27.99,1746835599.222
45,383.94,1746835599.222
45,434.74,1746835599.222
45,10.12,1746835599.222
46,5.08,1746835599.37
46,103.38,1746835599.37
46,911.15,1746835599.37
46,638.77,1746835599.37
46,424.72,1746835599.37
46,388.95,1746835599.37
46,656.76,1746835599.37
47,5.55,1746835599.519
47,660.04,1746835599.519
47,11.35,1746835599.519
47,661.92,1746835599.519
47,395.85,1746835599.519
47,323.59,1746835599.519
47,516.43,1746835599.519
47,112.95,1746835599.519
47,24.25,1746835599.519
48,367.17,1746835599.668
48,5.82,1746835599.668
48,444.06,1746835599.668
48,5.83,1746835599.668
48,348.61,1746835599.668
48,731.36,1746835599.668
48,733.12,1746835599.668
48,588.08,1746835599.668
48,945.38,1746835599.668
48,221.47,1746835599.668
48,102.06,1746835599.668
48,152.68,1746835599.668
48,47.85,1746835599.668
49,468.54,1746835599.811
49,205.23,1746835599.811
49,270.92,1746835599.811
49,249.3,1746835599.811
49,352.62,1746835599.811
49,757.74,1746835599.811
49,83.38,1746835599.811
49,88.84,1746835599.811
49,247.44,1746835599.811
49,568.74,1746835599.811
49,603.13,1746835599.811
49,207.28,1746835599.811
49,2.19,1746835599.811
50,431.09,1746835599.964
50,398.52,1746835599.964
50,30.33,1746835599.964
50,170.77,1746835599.964
50,7.61,1746835599.964
50,335.09,1746835599.964
50,46.27,1746835599.964
50,133.44,1746835599.964
50,546.72,1746835599.964
50,239.09,1746835599.964
51,395.22,1746835600.109
51,414.64,1746835600.109
51,351.66,1746835600.109
51,135.78,1746835600.109
51,436.8,1746835600.109
51,874.74,1746835600.109
51,730.79,1746835600.109
51,560.96,1746835600.109
51,394.27,1746835600.109
51,33.25,1746835600.109
52,375.02,1746835600.251
52,107.24,1746835600.251
52,6.22,1746835600.251
52,430.65,1746835600.251
52,532.13,1746835600.251
52,535.4,1746835600.251
52,2.45,1746835600.251
52,98.49,1746835600.251
52,173.49,1746835600.251
53,11.07,1746835600.394
53,4.96,1746835600.394
53,16.77,1746835600.394
53,1.28,1746835600.394
53,136.78,1746835600.394
53,380.4,1746835600.394
53,239.21,1746835600.394
53,4.27,1746835600.394
53,39.84,1746835600.394
53,460.05,1746835600.394
54,229.32,1746835600.633
54,221.09,1746835600.633
54,4.04,1746835600.633
54,195.26,1746835600.633
54,398.95,1746835600.633
54,200.32,1746835600.633
54,20.48,1746835600.633
54,9.02,1746835600.633
54,16.32,1746835600.633
55,86.38,1746835600.783
55,358.06,1746835600.783
55,10.01,1746835600.783
55,8.51,1746835600.783
55,383.66,1746835600.783
55,229.12,1746835600.783
55,598.89,1746835600.783
55,187.63,1746835600.783
55,240.75,1746835600.783
55,25.38,1746835600.783
56,8.4,1746835600.926
56,79.74,1746835600.926
56,200.95,1746835600.926
56,7.39,1746835600.926
56,20.0,1746835600.926
56,337.72,1746835600.926
56,226.79,1746835600.926
56,508.91,1746835600.926
56,494.48,1746835600.926
56,893.85,1746835600.926
57,4.05,1746835601.075
57,217.39,1746835601.075
57,208.9,1746835601.075
57,4.96,1746835601.075
57,33.68,1746835601.075
57,11.34,1746835601.075
57,191.22,1746835601.075
57,22.93,1746835601.075
57,162.2,1746835601.075
58,5.2,1746835601.225
58,18.3,1746835601.225
58,206.26,1746835601.225
58,172.26,1746835601.225
58,59.87,1746835601.225
58,593.68,1746835601.225
58,34.4,1746835601.225
58,729.34,1746835601.225
58,997.52,1746835601.225
58,28.38,1746835601.225
59,8.75,1746835601.375
59,30.38,1746835601.375
59,22.75,1746835601.375
59,123.33,1746835601.375
59,154.08,1746835601.375
59,28.99,1746835601.375
59,252.66,1746835601.375
59,297.58,1746835601.375
59,39.66,1746835601.375
59,979.27,1746835601.375
59,1.74,1746835601.375
59,4.99,1746835601.375
60,397.02,1746835601.519
60,386.97,1746835601.519
60,4.81,1746835601.519
60,93.46,1746835601.519
60,329.59,1746835601.519
60,411.82,1746835601.519
60,2.7,1746835601.519
60,34.22,1746835601.519
60,43.41,1746835601.519
60,306.11,1746835601.519
60,470.57,1746835601.519
60,25.28,1746835601.519
60,1.72,1746835601.519
61,7.16,1746835601.675
61,10.53,1746835601.675
61,20.13,1746835601.675
61,281.7,1746835601.675
61,307.85,1746835601.675
61,16.19,1746835601.675
61,200.54,1746835601.675
61,672.78,1746835601.675
61,167.02,1746835601.675
61,259.77,1746835601.675
61,444.57,1746835601.675
61,4.77,1746835601.675
62,20.58,1746835601.831
62,4.28,1746835601.831
62,10.76,1746835601.831
62,48.79,1746835601.831
62,333.37,1746835601.831
62,16.7,1746835601.831
62,160.83,1746835601.831
62,641.23,1746835601.831
62,613.26,1746835601.831
62,940.19,1746835601.831
62,196.51,1746835601.831
63,19.81,1746835601.985
63,2.74,1746835601.985
63,10.94,1746835601.985
63,100.37,1746835601.985
63,31.1,1746835601.985
63,704.16,1746835601.985
63,35.53,1746835601.985
63,99.18,1746835601.985
63,84.06,1746835601.985
63,80.86,1746835601.985
64,9.22,1746835602.134
64,4.11,1746835602.134
64,13.74,1746835602.134
64,87.97,1746835602.134
64,361.52,1746835602.134
64,65.53,1746835602.134
64,152.52,1746835602.134
64,18.7,1746835602.134
64,298.5,1746835602.134
65,25.5,1746835602.283
65,3.88,1746835602.283
65,378.49,1746835602.283
65,196.26,1746835602.283
65,586.67,1746835602.283
65,266.34,1746835602.283
65,104.77,1746835602.283
65,58.49,1746835602.283
66,19.28,1746835602.433
66,17.44,1746835602.433
66,833.17,1746835602.433
66,786.57,1746835602.433
66,197.0,1746835602.433
66,171.15,1746835602.433
66,49.72,1746835602.433
66,291.97,1746835602.433
66,635.33,1746835602.433
67,7.0,1746835602.586
67,2.73,1746835602.586
67,5.63,1746835602.586
67,110.03,1746835602.586
67,57.65,1746835602.586
67,97.95,1746835602.586
67,210.18,1746835602.586
67,140.54,1746835602.586
67,7.02,1746835602.586
67,105.97,1746835602.586
68,31.39,1746835602.729
68,4.69,1746835602.729
68,21.77,1746835602.729
68,3.98,1746835602.729
68,88.52,1746835602.729
68,795.68,1746835602.729
68,584.38,1746835602.729
68,44.54,1746835602.729
68,9.81,1746835602.729
68,455.93,1746835602.729
68,49.65,1746835602.729
69,24.13,1746835602.879
69,1.58,1746835602.879
69,8.19,1746835602.879
69,788.5,1746835602.879
69,588.73,1746835602.879
69,5.15,1746835602.879
69,227.73,1746835602.879
69,282.58,1746835602.879
69,282.07,1746835602.879
69,335.12,1746835602.879
69,35.27,1746835602.879
70,204.93,1746835603.029
70,393.32,1746835603.029
70,174.42,1746835603.029
70,751.94,1746835603.029
70,18.74,1746835603.029
70,77.69,1746835603.029
70,110.34,1746835603.029
70,66.89,1746835603.029
70,451.1,1746835603.029
70,355.38,1746835603.029
70,71.33,1746835603.029
70,18.59,1746835603.029
71,171.02,1746835603.182
71,215.02,1746835603.182
71,257.69,1746835603.182
71,13.24,1746835603.182
71,53.77,1746835603.182
71,11.45,1746835603.182
71,16.73,1746835603.182
71,332.57,1746835603.182
71,464.39,1746835603.182
71,19.41,1746835603.182
72,170.65,1746835603.34
72,205.91,1746835603.34
72,8.08,1746835603.34
72,282.29,1746835603.34
72,38.25,1746835603.34
72,249.51,1746835603.34
72,54.62,1746835603.34
72,48.3,1746835603.34
72,209.6,1746835603.34
72,84.74,1746835603.34
73,66.85,1746835603.498
73,336.87,1746835603.498
73,15.07,1746835603.498
73,34.78,1746835603.498
73,31.85,1746835603.498
73,43.51,1746835603.498
73,66.2,1746835603.498
73,176.05,1746835603.498
73,22.72,1746835603.498
74,156.11,1746835603.654
74,1.53,1746835603.654
74,13.04,1746835603.654
74,46.9,1746835603.654
74,350.75,1746835603.654
74,318.59,1746835603.654
74,474.98,1746835603.654
74,37.16,1746835603.654
74,6.66,1746835603.654
74,10.05,1746835603.654
75,10.79,1746835603.816
75,46.25,1746835603.816
75,890.4,1746835603.816
75,28.25,1746835603.816
75,266.67,1746835603.816
75,207.74,1746835603.816
75,868.71,1746835603.816
75,715.42,1746835603.816
76,4.61,1746835603.992
76,4.83,1746835603.992
76,69.84,1746835603.992
76,794.01,1746835603.992
76,16.38,1746835603.992
76,46.66,1746835603.992
76,4.83,1746835603.992
76,67.77,1746835603.992
76,881.84,1746835603.992
76,127.41,1746835603.992
77,1.63,1746835604.138
77,74.59,1746835604.138
77,4.71,1746835604.138
77,680.81,1746835604.138
77,649.68,1746835604.138
77,159.52,1746835604.138
77,10.68,1746835604.138
77,1.99,1746835604.138
77,60.54,1746835604.138
77,60.08,1746835604.138
77,188.66,1746835604.138
78,16.04,1746835604.304
78,5.17,1746835604.304
78,159.31,1746835604.304
78,10.97,1746835604.304
78,559.71,1746835604.304
78,52.12,1746835604.304
78,414.41,1746835604.304
78,1.57,1746835604.304
78,109.6,1746835604.304
78,820.63,1746835604.304
78,8.08,1746835604.304
79,11.54,1746835604.459
79,2.11,1746835604.459
79,9.17,1746835604.459
79,11.54,1746835604.459
79,29.11,1746835604.459
79,15.69,1746835604.459
79,7.12,1746835604.459
79,1061.09,1746835604.459
79,167.95,1746835604.459
79,376.78,1746835604.459
79,848.33,1746835604.459
79,53.07,1746835604.459
80,5.44,1746835604.61
80,1.58,1746835604.61
80,9.73,1746835604.61
80,591.42,1746835604.61
80,767.8,1746835604.61
80,172.17,1746835604.61
80,758.28,1746835604.61
80,1150.17,1746835604.61
80,78.19,1746835604.61
80,251.51,1746835604.61
80,109.48,1746835604.61
80,216.19,1746835604.61
80,2.34,1746835604.61
80,76.91,1746835604.61
81,1.14,1746835604.756
81,471.35,1746835604.756
81,605.92,1746835604.756
81,168.32,1746835604.756
81,806.7,1746835604.756
81,288.99,1746835604.756
81,6.81,1746835604.756
81,1083.24,1746835604.756
81,1.69,1746835604.756
81,251.96,1746835604.756
82,17.52,1746835604.912
82,589.96,1746835604.912
82,148.19,1746835604.912
82,393.57,1746835604.912
82,786.97,1746835604.912
82,765.66,1746835604.912
82,11.68,1746835604.912
82,105.76,1746835604.912
82,8.02,1746835604.912
82,33.93,1746835604.912
83,5.96,1746835605.064
83,7.18,1746835605.064
83,500.84,1746835605.064
83,163.25,1746835605.064
83,414.23,1746835605.064
83,28.29,1746835605.064
83,967.57,1746835605.064
83,59.81,1746835605.064
83,998.74,1746835605.064
83,11.41,1746835605.064
83,58.08,1746835605.064
83,315.54,1746835605.064
83,26.14,1746835605.064
84,7.6,1746835605.219
84,1.65,1746835605.219
84,28.24,1746835605.219
84,93.61,1746835605.219
84,154.31,1746835605.219
84,10.99,1746835605.219
84,926.16,1746835605.219
84,662.83,1746835605.219
84,292.91,1746835605.219
84,687.04,1746835605.219
84,79.34,1746835605.219
84,46.78,1746835605.219
84,719.24,1746835605.219
85,2.94,1746835605.367
85,4.94,1746835605.367
85,59.59,1746835605.367
85,104.18,1746835605.367
85,101.84,1746835605.367
85,844.99,1746835605.367
85,823.45,1746835605.367
85,2.2,1746835605.367
85,8.18,1746835605.367
85,12.64,1746835605.367
85,113.99,1746835605.367
85,21.9,1746835605.367
85,1028.09,1746835605.367
85,180.11,1746835605.367
86,1.13,1746835605.52
86,4.38,1746835605.52
86,27.74,1746835605.52
86,10.86,1746835605.52
86,634.34,1746835605.52
86,45.66,1746835605.52
86,423.48,1746835605.52
86,237.0,1746835605.52
86,60.69,1746835605.52
86,77.3,1746835605.52
86,24.87,1746835605.52
87,5.77,1746835605.671
87,2.7,1746835605.671
87,6.84,1746835605.671
87,1.39,1746835605.671
87,191.33,1746835605.671
87,1.95,1746835605.671
87,711.13,1746835605.671
87,260.53,1746835605.671
87,755.63,1746835605.671
87,26.68,1746835605.671
87,18.63,1746835605.671
87,9.25,1746835605.671
88,9.29,1746835605.827
88,5.46,1746835605.827
88,9.56,1746835605.827
88,276.73,1746835605.827
88,272.13,1746835605.827
88,94.31,1746835605.827
88,567.12,1746835605.827
88,69.82,1746835605.827
88,730.32,1746835605.827
88,16.06,1746835605.827
88,7.02,1746835605.827
88,922.58,1746835605.827
88,316.32,1746835605.827
89,2.93,1746835605.975
89,3.53,1746835605.975
89,289.5,1746835605.975
89,280.18,1746835605.975
89,31.31,1746835605.975
89,595.42,1746835605.975
89,10.04,1746835605.975
89,295.09,1746835605.975
89,1.06,1746835605.975
89,22.71,1746835605.975
89,39.57,1746835605.975
90,1.25,1746835606.128
90,817.78,1746835606.128
90,814.57,1746835606.128
90,3.84,1746835606.128
90,14.66,1746835606.128
90,9.05,1746835606.128
90,19.74,1746835606.128
90,18.85,1746835606.128
90,15.18,1746835606.128
90,331.32,1746835606.128
90,13.43,1746835606.128
90,498.85,1746835606.128
91,4.98,1746835606.28
91,50.27,1746835606.28
91,1.41,1746835606.28
91,9.43,1746835606.28
91,538.92,1746835606.28
91,5.83,1746835606.28
91,702.96,1746835606.28
91,6.33,1746835606.28
91,137.11,1746835606.28
91,6.34,1746835606.28
91,50.69,1746835606.28
91,32.17,1746835606.28
92,262.03,1746835606.429
92,596.19,1746835606.429
92,910.2,1746835606.429
92,6.83,1746835606.429
92,12.47,1746835606.429
92,4.14,1746835606.429
92,596.66,1746835606.429
92,45.74,1746835606.429
92,7.71,1746835606.429
92,1114.4,1746835606.429
92,935.93,1746835606.429
93,1.48,1746835606.578
93,604.2,1746835606.578
93,585.99,1746835606.578
93,2.75,1746835606.578
93,4.77,1746835606.578
93,397.05,1746835606.578
93,2.77,1746835606.578
93,29.01,1746835606.578
93,6.52,1746835606.578
93,1037.62,1746835606.578
94,10.77,1746835606.731
94,6.52,1746835606.731
94,7.02,1746835606.731
94,3.62,1746835606.731
94,18.64,1746835606.731
94,1.52,1746835606.731
94,10.61,1746835606.731
94,6.56,1746835606.731
94,18.98,1746835606.731
94,124.48,1746835606.731
95,2.67,1746835606.88
95,4.82,1746835606.88
95,97.5,1746835606.88
95,112.74,1746835606.88
95,18.25,1746835606.88
95,577.18,1746835606.88
95,589.08,1746835606.88
95,20.3,1746835606.88
95,341.74,1746835606.88
95,3.6,1746835606.88
96,6.08,1746835607.031
96,21.7,1746835607.031
96,3.88,1746835607.031
96,9.68,1746835607.031
96,29.5,1746835607.031
96,33.42,1746835607.031
96,20.45,1746835607.031
96,6.82,1746835607.031
96,97.2,1746835607.031
96,77.67,1746835607.031
97,913.28,1746835607.175
97,947.93,1746835607.175
97,111.11,1746835607.175
97,119.03,1746835607.175
97,548.0,1746835607.175
97,521.17,1746835607.175
97,751.26,1746835607.175
97,65.19,1746835607.175
97,787.48,1746835607.175
97,7.73,1746835607.175
97,258.79,1746835607.175
98,840.92,1746835607.33
98,248.79,1746835607.33
98,479.11,1746835607.33
98,6.41,1746835607.33
98,181.94,1746835607.33
98,333.41,1746835607.33
98,722.83,1746835607.33
98,252.88,1746835607.33
98,626.68,1746835607.33
98,38.9,1746835607.33
98,234.85,1746835607.33
99,3.18,1746835607.483
99,556.98,1746835607.483
99,620.86,1746835607.483
99,52.74,1746835607.483
99,343.54,1746835607.483
99,320.65,1746835607.483
99,41.3,1746835607.483
99,725.56,1746835607.483
99,71.42,1746835607.483
99,3.09,1746835607.483
100,3.65,1746835607.631
100,600.22,1746835607.631
100,6.84,1746835607.631
100,569.25,1746835607.631
100,10.52,1746835607.631
100,6.53,1746835607.631
100,369.72,1746835607.631
100,634.0,1746835607.631
100,55.76,1746835607.631
101,218.07,1746835607.786
101,223.33,1746835607.786
101,43.92,1746835607.786
101,12.78,1746835607.786
101,159.24,1746835607.786
101,569.43,1746835607.786
101,101.12,1746835607.786
101,21.43,1746835607.786
101,22.73,1746835607.786
102,37.09,1746835607.935
102,9.71,1746835607.935
102,272.87,1746835607.935
102,300.98,1746835607.935
102,247.61,1746835607.935
102,1.69,1746835607.935
102,1.8,1746835607.935
102,2.28,1746835607.935
102,2.07,1746835607.935
103,9.22,1746835608.092
103,4.58,1746835608.092
103,9.16,1746835608.092
103,13.9,1746835608.092
103,31.42,1746835608.092
103,35.16,1746835608.092
103,538.34,1746835608.092
103,556.9,1746835608.092
103,14.4,1746835608.092
103,17.76,1746835608.092
104,21.05,1746835608.247
104,2.03,1746835608.247
104,311.09,1746835608.247
104,320.68,1746835608.247
104,4.46,1746835608.247
104,19.03,1746835608.247
104,54.28,1746835608.247
104,61.97,1746835608.247
104,45.37,1746835608.247
104,27.36,1746835608.247
104,19.08,1746835608.247
105,9.02,1746835608.401
105,4.59,1746835608.401
105,344.7,1746835608.401
105,6.66,1746835608.401
105,320.63,1746835608.401
105,21.76,1746835608.401
105,9.01,1746835608.401
105,36.93,1746835608.401
105,44.82,1746835608.401
106,2.03,1746835608.572
106,3.82,1746835608.572
106,278.02,1746835608.572
106,266.68,1746835608.572
106,20.43,1746835608.572
106,12.8,1746835608.572
106,27.2,1746835608.572
106,2.66,1746835608.572
106,48.8,1746835608.572
107,3.88,1746835608.732
107,3.81,1746835608.732
107,28.03,1746835608.732
107,6.85,1746835608.732
107,645.61,1746835608.732
107,644.09,1746835608.732
107,196.95,1746835608.732
107,21.31,1746835608.732
107,36.23,1746835608.732
108,11.55,1746835608.883
108,2.38,1746835608.883
108,90.3,1746835608.883
108,331.21,1746835608.883
108,344.31,1746835608.883
108,108.86,1746835608.883
108,133.77,1746835608.883
108,7.98,1746835608.883
108,35.07,1746835608.883
108,194.73,1746835608.883
109,4.58,1746835609.033
109,4.45,1746835609.033
109,4.28,1746835609.033
109,9.96,1746835609.033
109,352.56,1746835609.033
109,417.31,1746835609.033
109,38.92,1746835609.033
109,901.09,1746835609.033
109,3.96,1746835609.033
110,217.09,1746835609.189
110,200.08,1746835609.189
110,9.41,1746835609.189
110,1.47,1746835609.189
110,12.66,1746835609.189
110,71.89,1746835609.189
110,8.07,1746835609.189
110,812.12,1746835609.189
111,1.63,1746835609.341
111,4.02,1746835609.341
111,7.54,1746835609.341
111,57.49,1746835609.341
111,11.71,1746835609.341
111,5.16,1746835609.341
111,192.17,1746835609.341
111,438.95,1746835609.341
112,1.3,1746835609.497
112,1.78,1746835609.497
112,30.29,1746835609.497
112,13.01,1746835609.497
112,10.33,1746835609.497
112,12.35,1746835609.497
112,6.18,1746835609.497
112,451.35,1746835609.497
112,405.68,1746835609.497
113,12.96,1746835609.642
113,6.51,1746835609.642
113,621.52,1746835609.642
113,608.36,1746835609.642
113,86.56,1746835609.642
113,11.66,1746835609.642
113,5.16,1746835609.642
114,193.2,1746835609.798
114,209.73,1746835609.798
114,13.4,1746835609.798
114,8.99,1746835609.798
114,24.1,1746835609.798
114,8.73,1746835609.798
114,3.2,1746835609.798
114,468.79,1746835609.798
115,16.41,1746835609.954
115,6.93,1746835609.954
115,3.21,1746835609.954
115,260.65,1746835609.954
115,255.49,1746835609.954
115,2.13,1746835609.954
115,13.3,1746835609.954
115,22.34,1746835609.954
116,7.15,1746835610.099
116,12.33,1746835610.099
116,9.3,1746835610.099
116,31.59,1746835610.099
116,16.41,1746835610.099
116,15.09,1746835610.099
116,37.12,1746835610.099
116,3.4,1746835610.099
116,103.18,1746835610.099
117,3.4,1746835610.245
117,8.32,1746835610.245
117,14.99,1746835610.245
117,2.15,1746835610.245
117,1.92,1746835610.245
117,63.02,1746835610.245
117,319.59,1746835610.245
117,415.75,1746835610.245
117,2.75,1746835610.245
117,91.28,1746835610.245
117,8.33,1746835610.245
117,28.33,1746835610.245
118,8.84,1746835610.399
118,12.87,1746835610.399
118,4.08,1746835610.399
118,6.83,1746835610.399
118,513.56,1746835610.399
118,302.22,1746835610.399
118,127.45,1746835610.399
119,4.83,1746835610.553
119,4.19,1746835610.553
119,2.98,1746835610.553
119,1.71,1746835610.553
119,20.44,1746835610.553
119,7.47,1746835610.553
119,25.76,1746835610.553
119,10.5,1746835610.553
120,2.17,1746835610.698
120,5.14,1746835610.698
120,3.92,1746835610.698
120,34.96,1746835610.698
120,4.48,1746835610.698
120,5.73,1746835610.698
120,22.17,1746835610.698
121,1.6,1746835610.843
121,2.73,1746835610.843
121,3.69,1746835610.843
121,1.97,1746835610.843
121,19.58,1746835610.843
121,55.09,1746835610.843
121,61.44,1746835610.843
121,137.86,1746835610.843
121,45.39,1746835610.843
121,46.04,1746835610.843
122,3.56,1746835610.995
122,3.45,1746835610.995
122,7.52,1746835610.995
122,3.94,1746835610.995
122,528.43,1746835610.995
122,514.93,1746835610.995
122,11.19,1746835610.995
122,3.7,1746835610.995
122,214.93,1746835610.995
122,229.37,1746835610.995
123,6.81,1746835611.145
123,2.62,1746835611.145
123,493.21,1746835611.145
123,510.65,1746835611.145
123,2.22,1746835611.145
123,437.88,1746835611.145
123,403.44,1746835611.145
123,9.73,1746835611.145
123,5.98,1746835611.145
124,162.34,1746835611.291
124,161.04,1746835611.291
124,478.7,1746835611.291
124,509.79,1746835611.291
124,10.73,1746835611.291
124,13.29,1746835611.291
124,9.54,1746835611.291
124,29.49,1746835611.291
124,58.58,1746835611.291
124,347.82,1746835611.291
125,4.29,1746835611.438
125,9.61,1746835611.438
125,481.74,1746835611.438
125,493.72,1746835611.438
125,81.86,1746835611.438
125,69.03,1746835611.438
125,30.25,1746835611.438
125,23.68,1746835611.438
125,7.54,1746835611.438
125,39.7,1746835611.438
126,1.32,1746835611.587
126,12.18,1746835611.587
126,3.18,1746835611.587
126,7.39,1746835611.587
126,437.5,1746835611.587
126,85.57,1746835611.587
126,455.52,1746835611.587
126,9.84,1746835611.587
126,491.37,1746835611.587
127,6.45,1746835611.738
127,1.81,1746835611.738
127,19.29,1746835611.738
127,90.5,1746835611.738
127,75.99,1746835611.738
127,271.35,1746835611.738
127,7.86,1746835611.738
127,8.79,1746835611.738
127,122.83,1746835611.738
128,1.32,1746835611.895
128,1.09,1746835611.895
128,5.86,1746835611.895
128,3.14,1746835611.895
128,67.43,1746835611.895
128,41.56,1746835611.895
128,55.9,1746835611.895
128,5.37,1746835611.895
128,14.01,1746835611.895
128,110.67,1746835611.895
129,1.79,1746835612.042
129,12.12,1746835612.042
129,6.15,1746835612.042
129,7.38,1746835612.042
129,8.41,1746835612.042
129,478.17,1746835612.042
129,75.41,1746835612.042
129,383.82,1746835612.042
129,13.26,1746835612.042
129,357.6,1746835612.042
130,5.25,1746835612.197
130,8.42,1746835612.197
130,10.29,1746835612.197
130,52.3,1746835612.197
130,73.33,1746835612.197
130,26.7,1746835612.197
130,23.76,1746835612.197
130,12.36,1746835612.197
130,10.91,1746835612.197
130,3.52,1746835612.197
130,28.6,1746835612.197
131,16.59,1746835612.352
131,17.66,1746835612.352
131,25.55,1746835612.352
131,518.51,1746835612.352
131,223.15,1746835612.352
131,349.54,1746835612.352
131,178.63,1746835612.352
131,3.4,1746835612.352
132,12.79,1746835612.497
132,10.96,1746835612.497
132,18.71,1746835612.497
132,6.46,1746835612.497
132,8.46,1746835612.497
132,13.65,1746835612.497
132,5.28,1746835612.497
132,3.76,1746835612.497
132,177.48,1746835612.497
132,179.38,1746835612.497
132,103.06,1746835612.497
133,25.63,1746835612.65
133,12.25,1746835612.65
133,1.04,1746835612.65
133,54.82,1746835612.65
133,540.49,1746835612.65
133,13.06,1746835612.65
133,3.61,1746835612.65
133,9.98,1746835612.65
133,187.27,1746835612.65
133,169.87,1746835612.65
133,185.64,1746835612.65
133,196.05,1746835612.65
134,2.81,1746835612.805
134,10.35,1746835612.805
134,6.35,1746835612.805
134,11.05,1746835612.805
134,6.56,1746835612.805
134,520.03,1746835612.805
134,118.63,1746835612.805
134,418.8,1746835612.805
134,105.54,1746835612.805
134,51.41,1746835612.805
134,1.87,1746835612.805
134,173.46,1746835612.805
135,28.68,1746835612.958
135,31.04,1746835612.958
135,14.1,1746835612.958
135,17.74,1746835612.958
135,464.82,1746835612.958
135,212.27,1746835612.958
135,410.36,1746835612.958
135,394.97,1746835612.958
135,384.52,1746835612.958
135,145.07,1746835612.958
135,136.81,1746835612.958
136,2.11,1746835613.106
136,45.12,1746835613.106
136,30.15,1746835613.106
136,15.79,1746835613.106
136,136.67,1746835613.106
136,444.42,1746835613.106
136,708.04,1746835613.106
136,162.57,1746835613.106
136,1.64,1746835613.106
136,44.64,1746835613.106
136,4.26,1746835613.106
136,24.33,1746835613.106
136,23.93,1746835613.106
137,5.18,1746835613.254
137,4.19,1746835613.254
137,6.95,1746835613.254
137,388.96,1746835613.254
137,61.29,1746835613.254
137,136.37,1746835613.254
137,322.34,1746835613.254
137,484.7,1746835613.254
137,3.88,1746835613.254
137,89.87,1746835613.254
138,2.45,1746835613.405
138,41.34,1746835613.405
138,39.52,1746835613.405
138,15.57,1746835613.405
138,2.66,1746835613.405
138,275.49,1746835613.405
138,514.52,1746835613.405
138,441.02,1746835613.405
138,524.71,1746835613.405
138,10.06,1746835613.405
138,9.68,1746835613.405
138,1.06,1746835613.405
139,1.41,1746835613.559
139,6.65,1746835613.559
139,8.01,1746835613.559
139,6.75,1746835613.559
139,21.5,1746835613.559
139,579.32,1746835613.559
139,1.49,1746835613.559
139,541.09,1746835613.559
139,42.46,1746835613.559
139,81.08,1746835613.559
139,141.13,1746835613.559
140,1.14,1746835613.705
140,43.74,1746835613.705
140,46.05,1746835613.705
140,8.19,1746835613.705
140,15.69,1746835613.705
140,128.63,1746835613.705
140,1.07,1746835613.705
140,2.21,1746835613.705
141,3.09,1746835613.856
141,7.92,1746835613.856
141,8.3,1746835613.856
141,2.61,1746835613.856
141,39.24,1746835613.856
141,2.8,1746835613.856
141,69.86,1746835613.856
141,118.83,1746835613.856
142,68.67,1746835614.036
142,74.69,1746835614.036
142,2.84,1746835614.036
142,30.98,1746835614.036
142,17.25,1746835614.036
142,6.8,1746835614.036
142,2.91,1746835614.036
142,272.35,1746835614.036
142,356.99,1746835614.036
142,32.31,1746835614.036
143,75.43,1746835614.19
143,65.07,1746835614.19
143,5.4,1746835614.19
143,11.4,1746835614.19
143,124.55,1746835614.19
143,125.56,1746835614.19
143,58.28,1746835614.19
143,12.6,1746835614.19
143,80.02,1746835614.19
144,60.66,1746835614.335
144,64.1,1746835614.335
144,2.53,1746835614.335
144,7.42,1746835614.335
144,11.42,1746835614.335
144,5.71,1746835614.335
144,2.78,1746835614.335
144,93.57,1746835614.335
144,88.26,1746835614.335
144,88.57,1746835614.335
145,58.0,1746835614.484
145,50.7,1746835614.484
145,15.14,1746835614.484
145,10.85,1746835614.484
145,22.25,1746835614.484
145,2.09,1746835614.484
145,13.54,1746835614.484
145,152.51,1746835614.484
146,47.42,1746835614.631
146,47.91,1746835614.631
146,8.41,1746835614.631
146,207.57,1746835614.631
146,7.42,1746835614.631
146,52.54,1746835614.631
146,76.49,1746835614.631
146,66.68,1746835614.631
147,42.78,1746835614.783
147,39.38,1746835614.783
147,2.31,1746835614.783
147,22.89,1746835614.783
147,133.38,1746835614.783
147,150.88,1746835614.783
147,73.74,1746835614.783
147,23.56,1746835614.783
147,12.31,1746835614.783
148,56.1,1746835614.935
148,38.64,1746835614.935
148,4.28,1746835614.935
148,7.04,1746835614.935
148,154.34,1746835614.935
148,150.41,1746835614.935
148,72.3,1746835614.935
148,16.58,1746835614.935
148,50.18,1746835614.935
149,56.82,1746835615.081
149,60.14,1746835615.081
149,392.78,1746835615.081
149,365.32,1746835615.081
149,1.56,1746835615.081
149,2.29,1746835615.081
149,74.8,1746835615.081
150,56.82,1746835615.23
150,63.09,1746835615.23
150,8.14,1746835615.23
150,16.45,1746835615.23
150,149.3,1746835615.23
150,62.38,1746835615.23
150,6.68,1746835615.23
151,59.93,1746835615.384
151,49.58,1746835615.384
151,4.16,1746835615.384
151,1.22,1746835615.384
151,75.18,1746835615.384
151,6.01,1746835615.384
152,18.22,1746835615.566
152,17.64,1746835615.566
152,1.36,1746835615.566
153,38.36,1746835615.718
153,47.95,1746835615.718
153,24.31,1746835615.718
153,5.21,1746835615.718
153,151.53,1746835615.718
153,66.31,1746835615.718
153,28.96,1746835615.718
153,9.68,1746835615.718
154,35.6,1746835615.881
154,30.24,1746835615.881
154,1.76,1746835615.881
154,2.52,1746835615.881
154,1.42,1746835615.881
154,1.5,1746835615.881
154,8.38,1746835615.881
155,27.79,1746835616.051
155,28.49,1746835616.051
155,6.6,1746835616.051
155,2.09,1746835616.051
155,2.95,1746835616.051
155,50.66,1746835616.051
155,1.1,1746835616.051
156,2.65,1746835616.207
156,346.33,1746835616.207
156,328.97,1746835616.207
156,8.21,1746835616.207
156,7.92,1746835616.207
156,5.87,1746835616.207
157,4.42,1746835616.368
157,1.67,1746835616.368
157,32.96,1746835616.368
157,43.22,1746835616.368
157,7.52,1746835616.368
157,7.19,1746835616.368
158,6.14,1746835616.519
158,1.84,1746835616.519
158,5.57,1746835616.519
158,19.06,1746835616.519
158,2.68,1746835616.519
158,22.14,1746835616.519
158,18.29,1746835616.519
159,20.17,1746835616.673
159,14.5,1746835616.673
159,1.02,1746835616.673
159,15.16,1746835616.673
159,1.45,1746835616.673
159,37.98,1746835616.673
159,4.24,1746835616.673
160,2.37,1746835616.825
160,2.95,1746835616.825
160,1.37,1746835616.825
160,22.56,1746835616.825
160,3.76,1746835616.825
160,8.02,1746835616.825
160,3.22,1746835616.825
161,9.55,1746835616.976
161,350.9,1746835616.976
161,348.48,1746835616.976
161,115.68,1746835616.976
161,154.72,1746835616.976
161,47.64,1746835616.976
162,7.47,1746835617.125
162,5.42,1746835617.125
162,34.45,1746835617.125
162,12.14,1746835617.125
162,8.79,1746835617.125
162,81.82,1746835617.125
163,7.16,1746835617.274
163,3.49,1746835617.274
163,22.78,1746835617.274
163,2.65,1746835617.274
163,16.77,1746835617.274
163,14.16,1746835617.274
163,5.52,1746835617.274
163,7.09,1746835617.274
164,4.96,1746835617.425
164,8.71,1746835617.425
164,343.12,1746835617.425
164,410.26,1746835617.425
164,1.03,1746835617.425
164,124.92,1746835617.425
164,3.4,1746835617.425
164,9.95,1746835617.425
165,2.08,1746835617.574
165,1.2,1746835617.574
165,423.08,1746835617.574
165,414.21,1746835617.574
165,13.7,1746835617.574
165,1.63,1746835617.574
165,13.54,1746835617.574
165,19.51,1746835617.574
166,10.06,1746835617.721
166,7.87,1746835617.721
166,7.27,1746835617.721
166,2.77,1746835617.721
166,216.59,1746835617.721
166,41.89,1746835617.721
166,2.65,1746835617.721
166,26.94,1746835617.721
167,7.27,1746835617.869
167,9.17,1746835617.869
167,419.34,1746835617.869
167,445.5,1746835617.869
167,43.43,1746835617.869
167,196.66,1746835617.869
167,123.93,1746835617.869
167,831.74,1746835617.869
168,21.87,1746835618.022
168,11.65,1746835618.022
168,11.4,1746835618.022
168,35.65,1746835618.022
168,174.71,1746835618.022
168,271.69,1746835618.022
168,116.61,1746835618.022
169,4.34,1746835618.173
169,1.27,1746835618.173
169,327.55,1746835618.173
169,391.64,1746835618.173
169,43.31,1746835618.173
169,188.3,1746835618.173
169,8.46,1746835618.173
169,407.99,1746835618.173
169,22.83,1746835618.173
170,5.49,1746835618.32
170,2.61,1746835618.32
170,23.95,1746835618.32
170,2.84,1746835618.32
170,170.08,1746835618.32
170,98.6,1746835618.32
170,269.93,1746835618.32
170,12.19,1746835618.32
170,14.77,1746835618.32
171,2.75,1746835618.469
171,8.4,1746835618.469
171,1.93,1746835618.469
171,20.82,1746835618.469
171,5.09,1746835618.469
171,55.57,1746835618.469
171,637.03,1746835618.469
172,4.35,1746835618.63
172,5.43,1746835618.63
172,6.35,1746835618.63
172,2.42,1746835618.63
172,8.39,1746835618.63
172,137.62,1746835618.63
172,92.39,1746835618.63
172,210.78,1746835618.63
172,61.42,1746835618.63
173,1.61,1746835618.777
173,3.51,1746835618.777
173,41.76,1746835618.777
173,22.83,1746835618.777
173,65.55,1746835618.777
173,6.42,1746835618.777
173,25.5,1746835618.777
173,29.86,1746835618.777
173,141.13,1746835618.777
174,5.15,1746835618.925
174,1.61,1746835618.925
174,17.14,1746835618.925
174,3.86,1746835618.925
174,135.28,1746835618.925
174,148.34,1746835618.925
174,84.07,1746835618.925
174,61.91,1746835618.925
174,84.35,1746835618.925
175,2.03,1746835619.072
175,3.33,1746835619.072
175,111.6,1746835619.072
175,5.8,1746835619.072
175,15.66,1746835619.072
175,12.43,1746835619.072
175,1.48,1746835619.072
175,5.85,1746835619.072
176,1.54,1746835619.219
176,6.77,1746835619.219
176,24.46,1746835619.219
176,9.79,1746835619.219
176,4.65,1746835619.219
176,16.19,1746835619.219
176,261.64,1746835619.219
176,2.52,1746835619.219
176,376.38,1746835619.219
177,5.43,1746835619.367
177,16.17,1746835619.367
177,4.41,1746835619.367
177,1.6,1746835619.367
177,39.25,1746835619.367
177,33.4,1746835619.367
177,623.32,1746835619.367
177,5.29,1746835619.367
177,48.18,1746835619.367
177,11.99,1746835619.367
178,2.61,1746835619.512
178,4.53,1746835619.512
178,47.91,1746835619.512
178,5.97,1746835619.512
178,155.36,1746835619.512
178,17.3,1746835619.512
178,71.25,1746835619.512
178,5.28,1746835619.512
179,2.8,1746835619.658
179,3.1,1746835619.658
179,6.86,1746835619.658
179,2.95,1746835619.658
179,6.2,1746835619.658
179,349.93,1746835619.658
179,72.6,1746835619.658
179,875.23,1746835619.658
180,11.04,1746835619.803
180,2.87,1746835619.803
180,24.74,1746835619.803
180,12.96,1746835619.803
180,4.78,1746835619.803
180,322.08,1746835619.803
180,336.09,1746835619.803
180,37.44,1746835619.803
180,39.42,1746835619.803
181,5.34,1746835619.952
181,5.44,1746835619.952
181,33.07,1746835619.952
181,1.92,1746835619.952
181,14.78,1746835619.952
181,1.99,1746835619.952
181,26.32,1746835619.952
182,3.71,1746835620.103
182,5.93,1746835620.103
182,4.64,1746835620.103
182,10.07,1746835620.103
182,24.97,1746835620.103
182,93.17,1746835620.103
183,5.57,1746835620.252
183,9.45,1746835620.252
183,16.32,1746835620.252
183,9.04,1746835620.252
183,19.38,1746835620.252
183,40.36,1746835620.252
183,71.04,1746835620.252
183,672.44,1746835620.252
183,69.26,1746835620.252
183,109.89,1746835620.252
184,3.76,1746835620.4
184,10.71,1746835620.4
184,23.22,1746835620.4
184,16.33,1746835620.4
184,3.42,1746835620.4
184,4.98,1746835620.4
184,28.44,1746835620.4
184,164.11,1746835620.4
185,8.73,1746835620.553
185,3.14,1746835620.553
185,28.51,1746835620.553
185,2.05,1746835620.553
185,4.91,1746835620.553
185,776.76,1746835620.553
185,42.94,1746835620.553
186,14.22,1746835620.703
186,226.93,1746835620.703
186,270.51,1746835620.703
186,13.79,1746835620.703
186,15.41,1746835620.703
186,98.17,1746835620.703
186,536.58,1746835620.703
186,3.1,1746835620.703
186,294.45,1746835620.703
187,1.72,1746835620.85
187,8.25,1746835620.85
187,240.43,1746835620.85
187,264.18,1746835620.85
187,59.5,1746835620.85
187,23.14,1746835620.85
187,58.18,1746835620.85
187,520.28,1746835620.85
187,24.52,1746835620.85
188,1.72,1746835621.028
188,9.95,1746835621.028
188,6.7,1746835621.028
188,7.95,1746835621.028
188,2.22,1746835621.028
188,92.33,1746835621.028
188,658.15,1746835621.028
188,170.44,1746835621.028
188,161.27,1746835621.028
189,2.46,1746835621.177
189,11.27,1746835621.177
189,43.16,1746835621.177
189,2.53,1746835621.177
189,12.2,1746835621.177
189,160.16,1746835621.177
189,16.13,1746835621.177
189,110.24,1746835621.177
189,365.41,1746835621.177
190,3.61,1746835621.322
190,5.18,1746835621.322
190,299.38,1746835621.322
190,385.55,1746835621.322
190,370.11,1746835621.322
190,264.35,1746835621.322
190,334.34,1746835621.322
190,667.32,1746835621.322
190,788.08,1746835621.322
190,90.29,1746835621.322
191,10.01,1746835621.515
191,206.08,1746835621.515
191,6.39,1746835621.515
191,61.32,1746835621.515
191,105.61,1746835621.515
191,444.43,1746835621.515
191,240.55,1746835621.515
191,73.52,1746835621.515
191,647.02,1746835621.515
192,3.34,1746835621.698
192,18.43,1746835621.698
192,11.53,1746835621.698
192,399.43,1746835621.698
192,99.13,1746835621.698
192,150.97,1746835621.698
192,3.64,1746835621.698
192,131.65,1746835621.698
192,73.43,1746835621.698
193,4.79,1746835621.858
193,3.75,1746835621.858
193,13.75,1746835621.858
193,2.08,1746835621.858
193,22.74,1746835621.858
193,510.33,1746835621.858
193,571.34,1746835621.858
193,201.69,1746835621.858
193,50.8,1746835621.858
193,73.77,1746835621.858
194,6.12,1746835622.014
194,395.08,1746835622.014
194,396.73,1746835622.014
194,7.78,1746835622.014
194,16.75,1746835622.014
194,5.71,1746835622.014
194,8.02,1746835622.014
194,10.04,1746835622.014
194,773.49,1746835622.014
195,1.36,1746835622.169
195,393.93,1746835622.169
195,378.75,1746835622.169
195,2.92,1746835622.169
195,6.34,1746835622.169
195,41.52,1746835622.169
195,1057.32,1746835622.169
195,672.81,1746835622.169
195,864.4,1746835622.169
195,297.55,1746835622.169
196,1.78,1746835622.326
196,12.65,1746835622.326
196,20.02,1746835622.326
196,18.47,1746835622.326
196,468.59,1746835622.326
196,462.4,1746835622.326
196,212.59,1746835622.326
196,6.02,1746835622.326
196,13.92,1746835622.326
196,183.32,1746835622.326
197,370.9,1746835622.477
197,12.39,1746835622.477
197,22.31,1746835622.477
197,199.32,1746835622.477
197,79.87,1746835622.477
197,439.27,1746835622.477
197,671.75,1746835622.477
197,95.61,1746835622.477
198,2.77,1746835622.632
198,3.63,1746835622.632
198,2.16,1746835622.632
198,9.49,1746835622.632
198,237.56,1746835622.632
198,799.69,1746835622.632
198,297.35,1746835622.632
198,208.62,1746835622.632
198,14.77,1746835622.632
198,536.96,1746835622.632
199,1.98,1746835622.782
199,380.82,1746835622.782
199,361.01,1746835622.782
199,21.81,1746835622.782
199,4.1,1746835622.782
199,278.37,1746835622.782
199,64.24,1746835622.782
199,106.87,1746835622.782
199,323.18,1746835622.782
199,149.74,1746835622.782
199,318.97,1746835622.782
200,4.92,1746835622.938
200,349.91,1746835622.938
200,379.08,1746835622.938
200,12.83,1746835622.938
200,8.96,1746835622.938
200,36.03,1746835622.938
200,1083.17,1746835622.938
200,375.2,1746835622.938
200,378.01,1746835622.938
200,368.3,1746835622.938
201,1.65,1746835623.099
201,5.87,1746835623.099
201,31.18,1746835623.099
201,13.25,1746835623.099
201,3.56,1746835623.099
201,11.84,1746835623.099
201,49.25,1746835623.099
201,12.89,1746835623.099
201,246.26,1746835623.099
201,324.44,1746835623.099
201,17.12,1746835623.099
202,2.3,1746835623.252
202,8.58,1746835623.252
202,166.76,1746835623.252
202,33.81,1746835623.252
202,11.03,1746835623.252
202,58.97,1746835623.252
202,27.9,1746835623.252
202,2.61,1746835623.252
202,30.53,1746835623.252
203,4.14,1746835623.402
203,3.0,1746835623.402
203,19.32,1746835623.402
203,17.2,1746835623.402
203,417.9,1746835623.402
203,46.26,1746835623.402
203,71.49,1746835623.402
203,7.37,1746835623.402
203,453.93,1746835623.402
203,456.69,1746835623.402
203,21.17,1746835623.402
204,165.08,1746835623.56
204,170.59,1746835623.56
204,3.98,1746835623.56
204,21.84,1746835623.56
204,53.76,1746835623.56
204,23.25,1746835623.56
204,233.84,1746835623.56
204,89.36,1746835623.56
204,836.32,1746835623.56
204,404.9,1746835623.56
204,126.72,1746835623.56
204,1.39,1746835623.56
205,172.23,1746835623.722
205,185.23,1746835623.722
205,4.53,1746835623.722
205,5.71,1746835623.722
205,35.55,1746835623.722
205,47.23,1746835623.722
205,407.29,1746835623.722
205,208.7,1746835623.722
205,814.61,1746835623.722
205,570.92,1746835623.722
206,2.53,1746835623.878
206,8.46,1746835623.878
206,13.03,1746835623.878
206,18.94,1746835623.878
206,95.39,1746835623.878
206,137.65,1746835623.878
206,26.88,1746835623.878
206,349.6,1746835623.878
206,275.55,1746835623.878
206,338.57,1746835623.878
207,5.27,1746835624.179
207,3.05,1746835624.179
207,10.04,1746835624.179
207,20.08,1746835624.179
207,20.8,1746835624.179
207,309.94,1746835624.179
207,28.8,1746835624.179
207,2.58,1746835624.179
207,69.03,1746835624.179
208,2.76,1746835624.334
208,1.26,1746835624.334
208,12.36,1746835624.334
208,114.24,1746835624.334
208,169.59,1746835624.334
208,113.34,1746835624.334
208,530.65,1746835624.334
208,149.53,1746835624.334
208,61.55,1746835624.334
208,124.08,1746835624.334
209,2.46,1746835624.483
209,1.52,1746835624.483
209,7.26,1746835624.483
209,6.71,1746835624.483
209,77.06,1746835624.483
209,83.23,1746835624.483
209,442.4,1746835624.483
209,213.91,1746835624.483
210,3.88,1746835624.637
210,5.31,1746835624.637
210,2.94,1746835624.637
210,270.11,1746835624.637
210,42.6,1746835624.637
210,33.06,1746835624.637
210,48.71,1746835624.637
210,164.96,1746835624.637
211,2.97,1746835624.789
211,23.75,1746835624.789
211,7.56,1746835624.789
211,30.05,1746835624.789
211,49.68,1746835624.789
211,25.7,1746835624.789
211,150.56,1746835624.789
211,634.56,1746835624.789
211,175.37,1746835624.789
212,2.53,1746835624.94
212,312.56,1746835624.94
212,340.5,1746835624.94
212,1.77,1746835624.94
212,62.91,1746835624.94
212,302.48,1746835624.94
212,254.09,1746835624.94
212,72.99,1746835624.94
212,251.13,1746835624.94
213,1.25,1746835625.088
213,349.53,1746835625.088
213,322.83,1746835625.088
213,1.54,1746835625.088
213,166.4,1746835625.088
213,645.94,1746835625.088
213,163.66,1746835625.088
213,108.85,1746835625.088
213,65.06,1746835625.088
213,136.57,1746835625.088
213,306.77,1746835625.088
214,3.07,1746835625.243
214,4.82,1746835625.243
214,4.26,1746835625.243
214,15.34,1746835625.243
214,659.19,1746835625.243
214,656.73,1746835625.243
214,228.13,1746835625.243
214,215.76,1746835625.243
214,492.75,1746835625.243
214,139.96,1746835625.243
214,100.82,1746835625.243
215,23.78,1746835625.394
215,8.02,1746835625.394
215,16.01,1746835625.394
215,15.0,1746835625.394
215,161.43,1746835625.394
215,457.43,1746835625.394
215,316.72,1746835625.394
215,406.22,1746835625.394
215,5.59,1746835625.394
216,5.19,1746835625.551
216,15.69,1746835625.551
216,17.8,1746835625.551
216,2.04,1746835625.551
216,670.19,1746835625.551
216,38.23,1746835625.551
216,93.2,1746835625.551
216,413.57,1746835625.551
216,184.74,1746835625.551
216,591.08,1746835625.551
217,2.44,1746835625.705
217,14.87,1746835625.705
217,5.11,1746835625.705
217,33.51,1746835625.705
217,72.82,1746835625.705
217,13.14,1746835625.705
217,168.93,1746835625.705
217,557.8,1746835625.705
217,238.02,1746835625.705
217,798.02,1746835625.705
217,112.43,1746835625.705
218,2.41,1746835625.855
218,4.83,1746835625.855
218,25.49,1746835625.855
218,8.69,1746835625.855
218,43.59,1746835625.855
218,414.73,1746835625.855
218,285.18,1746835625.855
218,500.08,1746835625.855
218,254.55,1746835625.855
218,360.97,1746835625.855
218,137.61,1746835625.855
219,4.79,1746835626.005
219,9.42,1746835626.005
219,2.71,1746835626.005
219,33.25,1746835626.005
219,21.3,1746835626.005
219,463.34,1746835626.005
219,432.07,1746835626.005
219,364.58,1746835626.005
219,225.66,1746835626.005
219,395.38,1746835626.005
220,3.61,1746835626.156
220,9.52,1746835626.156
220,15.24,1746835626.156
220,15.9,1746835626.156
220,108.81,1746835626.156
220,450.77,1746835626.156
220,238.48,1746835626.156
220,36.32,1746835626.156
220,662.18,1746835626.156
220,40.27,1746835626.156
220,529.1,1746835626.156
220,56.16,1746835626.156
221,2.79,1746835626.308
221,241.65,1746835626.308
221,68.14,1746835626.308
221,147.33,1746835626.308
221,97.62,1746835626.308
221,798.51,1746835626.308
221,424.04,1746835626.308
221,477.03,1746835626.308
221,670.01,1746835626.308
222,3.87,1746835626.468
222,4.57,1746835626.468
222,13.05,1746835626.468
222,41.27,1746835626.468
222,44.49,1746835626.468
222,230.54,1746835626.468
222,50.45,1746835626.468
222,274.85,1746835626.468
222,193.01,1746835626.468
222,336.82,1746835626.468
223,1.12,1746835626.612
223,258.81,1746835626.612
223,147.78,1746835626.612
223,84.86,1746835626.612
223,39.96,1746835626.612
223,7.55,1746835626.612
223,363.73,1746835626.612
223,12.44,1746835626.612
223,175.06,1746835626.612
224,4.94,1746835626.757
224,3.12,1746835626.757
224,55.93,1746835626.757
224,7.03,1746835626.757
224,16.35,1746835626.757
224,37.01,1746835626.757
225,4.81,1746835626.9
225,88.03,1746835626.9
225,1.46,1746835626.9
225,116.53,1746835626.9
225,48.52,1746835626.9
225,129.3,1746835626.9
225,8.39,1746835626.9
225,184.97,1746835626.9
226,3.17,1746835627.043
226,19.74,1746835627.043
226,37.49,1746835627.043
226,1.18,1746835627.043
226,196.04,1746835627.043
226,242.58,1746835627.043
226,163.25,1746835627.043
226,76.41,1746835627.043
226,143.86,1746835627.043
226,50.93,1746835627.043
227,1.64,1746835627.186
227,63.82,1746835627.186
227,187.96,1746835627.186
227,393.42,1746835627.186
227,7.91,1746835627.186
227,10.54,1746835627.186
227,144.91,1746835627.186
227,33.94,1746835627.186
227,38.88,1746835627.186
228,3.57,1746835627.33
228,88.56,1746835627.33
228,43.37,1746835627.33
228,76.78,1746835627.33
228,143.21,1746835627.33
228,150.11,1746835627.33
228,39.17,1746835627.33
228,39.62,1746835627.33
228,421.97,1746835627.33
228,13.52,1746835627.33
229,21.65,1746835627.476
229,40.0,1746835627.476
229,315.06,1746835627.476
229,20.02,1746835627.476
229,187.62,1746835627.476
229,361.93,1746835627.476
229,73.93,1746835627.476
230,17.57,1746835627.622
230,77.25,1746835627.622
230,23.36,1746835627.622
230,349.56,1746835627.622
230,179.8,1746835627.622
230,26.92,1746835627.622
231,6.74,1746835627.77
231,5.26,1746835627.77
231,98.54,1746835627.77
231,41.49,1746835627.77
231,27.71,1746835627.77
231,594.36,1746835627.77
231,131.76,1746835627.77
232,2.12,1746835627.911
232,8.26,1746835627.911
232,280.92,1746835627.911
232,125.37,1746835627.911
232,26.81,1746835627.911
232,31.6,1746835627.911
233,2.8,1746835628.057
233,2.37,1746835628.057
233,81.98,1746835628.057
233,379.88,1746835628.057
233,565.31,1746835628.057
233,148.68,1746835628.057
233,195.36,1746835628.057
233,46.77,1746835628.057
233,50.33,1746835628.057
234,1.85,1746835628.204
234,21.62,1746835628.204
234,2.32,1746835628.204
234,38.37,1746835628.204
234,519.18,1746835628.204
234,524.3,1746835628.204
234,96.44,1746835628.204
235,3.66,1746835628.352
235,42.35,1746835628.352
235,7.02,1746835628.352
235,2.46,1746835628.352
235,134.34,1746835628.352
235,18.42,1746835628.352
236,6.42,1746835628.498
236,26.85,1746835628.498
236,191.57,1746835628.498
236,25.0,1746835628.498
236,35.48,1746835628.498
236,8.7,1746835628.498
236,54.07,1746835628.498
237,6.01,1746835628.66
237,59.95,1746835628.66
237,31.89,1746835628.66
237,57.38,1746835628.66
237,57.42,1746835628.66
238,2.01,1746835628.806
238,8.77,1746835628.806
238,65.05,1746835628.806
238,17.97,1746835628.806
238,4.22,1746835628.806
238,16.77,1746835628.806
238,52.47,1746835628.806
238,118.62,1746835628.806
238,71.9,1746835628.806
239,2.99,1746835628.961
239,5.76,1746835628.961
239,46.8,1746835628.961
239,201.04,1746835628.961
239,411.48,1746835628.961
239,18.7,1746835628.961
239,4.13,1746835628.961
240,2.59,1746835629.111
240,22.82,1746835629.111
240,489.22,1746835629.111
240,2.92,1746835629.111
240,342.94,1746835629.111
240,201.83,1746835629.111
240,151.34,1746835629.111
240,7.63,1746835629.111
241,3.75,1746835629.259
241,4.82,1746835629.259
241,52.08,1746835629.259
241,147.76,1746835629.259
241,137.69,1746835629.259
241,85.39,1746835629.259
241,12.62,1746835629.259
241,268.18,1746835629.259
241,103.07,1746835629.259
241,24.63,1746835629.259
241,33.67,1746835629.259
242,2.92,1746835629.414
242,19.75,1746835629.414
242,6.87,1746835629.414
242,81.35,1746835629.414
242,155.47,1746835629.414
242,30.59,1746835629.414
242,59.68,1746835629.414
242,10.54,1746835629.414
242,74.78,1746835629.414
242,43.74,1746835629.414
243,1.31,1746835629.562
243,30.7,1746835629.562
243,1.55,1746835629.562
243,2.3,1746835629.562
243,10.01,1746835629.562
243,128.4,1746835629.562
243,13.69,1746835629.562
243,9.59,1746835629.562
243,20.8,1746835629.562
243,158.28,1746835629.562
244,3.53,1746835629.712
244,12.14,1746835629.712
244,560.56,1746835629.712
244,22.94,1746835629.712
244,270.77,1746835629.712
244,258.67,1746835629.712
244,62.65,1746835629.712
244,161.65,1746835629.712
244,259.04,1746835629.712
245,4.89,1746835629.87
245,8.64,1746835629.87
245,194.93,1746835629.87
245,190.91,1746835629.87
245,235.15,1746835629.87
245,53.75,1746835629.87
245,235.55,1746835629.87
245,16.54,1746835629.87
245,13.11,1746835629.87
245,169.86,1746835629.87
245,52.4,1746835629.87
245,6.4,1746835629.87
245,5.03,1746835629.87
246,1.82,1746835630.036
246,13.33,1746835630.036
246,137.1,1746835630.036
246,101.77,1746835630.036
246,10.46,1746835630.036
246,483.11,1746835630.036
246,484.01,1746835630.036
246,80.1,1746835630.036
246,136.3,1746835630.036
246,105.8,1746835630.036
246,137.56,1746835630.036
247,4.77,1746835630.199
247,97.57,1746835630.199
247,356.46,1746835630.199
247,9.03,1746835630.199
247,489.31,1746835630.199
247,151.88,1746835630.199
247,93.99,1746835630.199
247,287.33,1746835630.199
248,22.72,1746835630.368
248,82.8,1746835630.368
248,9.81,1746835630.368
248,1.6,1746835630.368
248,8.7,1746835630.368
248,2.84,1746835630.368
248,477.49,1746835630.368
248,29.35,1746835630.368
248,161.88,1746835630.368
249,1.65,1746835630.545
249,4.23,1746835630.545
249,38.26,1746835630.545
249,8.21,1746835630.545
249,206.09,1746835630.545
249,248.29,1746835630.545
249,35.46,1746835630.545
249,175.78,1746835630.545
249,17.13,1746835630.545
249,60.02,1746835630.545
250,4.81,1746835630.696
250,14.06,1746835630.696
250,550.37,1746835630.696
250,448.6,1746835630.696
250,240.2,1746835630.696
250,309.06,1746835630.696
250,4.74,1746835630.696
250,159.49,1746835630.696
250,271.37,1746835630.696
250,314.43,1746835630.696
250,4.2,1746835630.696
250,57.3,1746835630.696
251,3.9,1746835630.862
251,2.74,1746835630.862
251,26.93,1746835630.862
251,188.36,1746835630.862
251,264.45,1746835630.862
251,2.48,1746835630.862
251,15.53,1746835630.862
251,128.02,1746835630.862
251,565.66,1746835630.862
251,593.28,1746835630.862
251,550.15,1746835630.862
251,172.41,1746835630.862
252,5.21,1746835631.025
252,4.51,1746835631.025
252,8.38,1746835631.025
252,55.64,1746835631.025
252,1.15,1746835631.025
252,22.26,1746835631.025
252,24.93,1746835631.025
252,944.07,1746835631.025
252,912.22,1746835631.025
252,36.23,1746835631.025
252,132.51,1746835631.025
253,8.42,1746835631.188
253,30.27,1746835631.188
253,23.62,1746835631.188
253,3.38,1746835631.188
253,4.42,1746835631.188
253,2.85,1746835631.188
253,137.43,1746835631.188
253,127.56,1746835631.188
253,410.95,1746835631.188
253,137.31,1746835631.188
253,136.58,1746835631.188
253,131.27,1746835631.188
254,2.66,1746835631.352
254,5.07,1746835631.352
254,30.52,1746835631.352
254,7.04,1746835631.352
254,10.52,1746835631.352
254,9.19,1746835631.352
254,222.85,1746835631.352
254,376.07,1746835631.352
254,323.25,1746835631.352
254,456.99,1746835631.352
254,727.05,1746835631.352
255,1.11,1746835631.536
255,4.23,1746835631.536
255,346.2,1746835631.536
255,203.35,1746835631.536
255,77.33,1746835631.536
255,231.34,1746835631.536
255,276.46,1746835631.536
255,430.35,1746835631.536
255,77.76,1746835631.536
255,122.98,1746835631.536
255,257.41,1746835631.536
255,117.99,1746835631.536
256,4.28,1746835631.707
256,82.53,1746835631.707
256,392.04,1746835631.707
256,472.39,1746835631.707
256,21.6,1746835631.707
256,192.33,1746835631.707
256,420.61,1746835631.707
256,120.56,1746835631.707
256,160.74,1746835631.707
256,143.84,1746835631.707
256,204.16,1746835631.707
256,54.71,1746835631.707
256,81.58,1746835631.707
257,12.42,1746835631.862
257,1.07,1746835631.862
257,43.08,1746835631.862
257,18.61,1746835631.862
257,9.12,1746835631.862
257,145.96,1746835631.862
257,474.85,1746835631.862
257,340.05,1746835631.862
257,201.07,1746835631.862
257,345.86,1746835631.862
257,241.75,1746835631.862
257,4.27,1746835631.862
258,5.53,1746835632.019
258,354.33,1746835632.019
258,351.01,1746835632.019
258,15.58,1746835632.019
258,118.99,1746835632.019
258,496.9,1746835632.019
258,579.55,1746835632.019
258,174.27,1746835632.019
259,1.56,1746835632.166
259,38.6,1746835632.166
259,170.2,1746835632.166
259,53.24,1746835632.166
259,335.23,1746835632.166
259,179.14,1746835632.166
259,1125.57,1746835632.166
259,568.0,1746835632.166
259,420.54,1746835632.166
259,37.25,1746835632.166
